id,name,model_id:id,group_id:id,perm_read,perm_write,perm_create,perm_unlink
access_qtcafe_qr_order_user,qtcafe.qr.order.user,model_qtcafe_qr_order,base.group_user,1,1,1,1
access_qtcafe_qr_order_line_user,qtcafe.qr.order.line.user,model_qtcafe_qr_order_line,base.group_user,1,1,1,1
access_qtcafe_qr_menu_category_user,qtcafe.qr.menu.category.user,model_qtcafe_qr_menu_category,base.group_user,1,1,1,1
access_qtcafe_qr_printer_config_user,qtcafe.qr.printer.config.user,model_qtcafe_qr_printer_config,base.group_user,1,1,1,1
access_qtcafe_store_settings_manager,qtcafe.store.settings.manager,model_qtcafe_store_settings,flexsys_operations.group_qtcafe_manager,1,1,1,1
access_qtcafe_manager_account_system,qtcafe.manager.account.system,model_qtcafe_manager_account,base.group_system,1,1,1,1
access_qtcafe_routing_settings_system,qtcafe.routing.settings.system,model_qtcafe_routing_settings,base.group_system,1,1,1,1
access_qtcafe_table_user,qtcafe.table.user,model_qtcafe_table,base.group_user,1,1,1,1
access_qtcafe_branch_product_availability_user,qtcafe.branch.product.availability.user,model_qtcafe_branch_product_availability,base.group_user,1,1,1,1
